City_ID,City,Lat,Lng,Max Temp,Humidity,Cloudiness,Wind Speed,Country,Date
0,grytviken,-54.2811,-36.5092,3.22,88,48,1.98,GS,1698593041
1,vila velha,-20.3297,-40.2925,31.97,51,0,7.2,BR,1698592958
2,tiassale,5.8983,-4.8283,31.0,60,58,0.84,CI,1698593042
3,nouadhibou,20.931,-17.0347,25.99,65,0,6.69,MR,1698593043
4,isafjordur,66.0755,-23.124,1.02,80,0,0.0,IS,1698592810
5,kirkwall,58.9848,-2.9587,8.03,76,40,8.23,GB,1698593044
6,kiunga,-6.1219,141.2906,23.04,100,100,0.65,PG,1698593044
7,wailua homesteads,22.0669,-159.378,21.44,84,20,3.6,US,1698593044
8,stephenville,32.2207,-98.2023,6.21,94,100,7.72,US,1698593044
9,bethel,41.3712,-73.414,11.05,87,100,2.57,US,1698593045
10,vilyuchinsk,52.9306,158.4028,3.85,78,61,0.88,RU,1698593045
11,invercargill,-46.4,168.35,4.45,93,94,0.89,NZ,1698593045
12,gadzhiyevo,69.2551,33.3362,-7.42,91,100,1.39,RU,1698593045
13,chos malal,-37.3781,-70.2709,8.12,63,90,13.01,AR,1698593046
14,olonkinbyen,70.9221,-8.7187,0.02,69,100,0.97,SJ,1698593046
15,harstad,68.799,16.5293,0.09,92,92,1.34,NO,1698593046
16,avarua,-21.2078,-159.775,22.03,68,100,3.09,CK,1698593047
17,jagtial,18.8,78.9333,22.5,59,0,0.51,IN,1698593047
18,port-aux-francais,-49.35,70.2167,3.33,97,100,6.99,TF,1698593047
19,hawaiian paradise park,19.5933,-154.9731,21.13,92,0,3.09,US,1698593047
20,dudinka,69.4058,86.1778,-15.74,92,63,5.81,RU,1698593048
21,afaahiti,-17.75,-149.2833,22.93,82,42,6.61,PF,1698592996
22,dolores,-36.3132,-57.6792,18.99,73,100,3.23,AR,1698593048
23,karratha,-20.7377,116.8463,27.72,68,100,5.32,AU,1698593048
24,punta arenas,-53.15,-70.9167,8.06,36,40,8.75,CL,1698593048
25,buchanan,5.8808,-10.0467,29.01,71,15,3.69,LR,1698593049
26,pochinok,54.4068,32.4407,0.96,80,100,2.97,RU,1698593049
27,hamamatsu,34.7,137.7333,13.9,65,0,0.89,JP,1698593049
28,pingliang,35.5392,106.6861,13.04,58,13,2.12,CN,1698593050
29,chibougamau,49.9168,-74.3659,-3.21,63,100,4.63,CA,1698593050
30,atafu village,-8.5421,-172.5159,28.98,72,90,6.17,TK,1698593050
31,tralee,52.2704,-9.7026,10.14,93,20,0.51,IE,1698593050
32,hastings,50.8552,0.5729,13.07,43,71,13.03,GB,1698593001
33,waitangi,-43.9535,-176.5597,7.68,93,6,2.12,NZ,1698593051
34,aasiaat,68.7098,-52.8699,-7.61,88,100,2.23,GL,1698593052
35,alghero,40.5589,8.3181,26.05,61,20,3.6,IT,1698593053
36,plymouth,41.8334,-70.8328,13.73,84,100,2.57,US,1698593006
37,fale old settlement,-9.3852,-171.2468,28.39,75,82,5.42,TK,1698593053
38,xiva,41.3783,60.3639,15.99,38,100,2.57,UZ,1698593054
39,fort bragg,35.139,-79.006,25.46,66,0,4.12,US,1698593054
40,puerto ayora,-0.7393,-90.3518,26.98,86,67,3.58,EC,1698593054
41,ushuaia,-54.8,-68.3,5.81,61,100,8.23,AR,1698593054
42,thompson,55.7435,-97.8558,-6.91,93,75,2.57,CA,1698593055
43,cabo san lucas,22.8909,-109.9124,23.17,73,0,4.63,MX,1698592980
44,anadyr,64.75,177.4833,0.28,86,75,3.0,RU,1698593055
45,baiyin,36.5583,104.2081,11.68,33,91,1.12,CN,1698593055
46,whitehorse,60.7161,-135.0538,-3.57,92,100,5.66,CA,1698593056
47,patong,7.8961,98.2966,28.34,77,100,2.26,TH,1698593056
48,adelanto,34.5828,-117.4092,9.55,22,0,0.75,US,1698592842
49,daru,-9.0763,143.2092,25.25,88,100,7.26,PG,1698593057
50,piran,45.5278,13.5706,19.05,78,53,2.01,SI,1698593057
51,tarfaya,27.9358,-12.9218,22.36,66,39,3.42,MA,1698593057
52,iqaluit,63.7506,-68.5145,-8.15,67,75,4.63,CA,1698593057
53,levuka,50.1834,-105.4011,-6.16,95,65,3.78,CA,1698593058
54,paragominas,-2.9667,-47.4833,36.74,32,4,3.24,BR,1698593058
55,mezhdurechenskiy,59.6,65.9333,-5.65,77,59,4.56,RU,1698593058
56,birao,10.2849,22.7882,31.46,42,36,3.51,CF,1698593058
57,codrington,-38.2667,141.9667,10.05,86,100,5.61,AU,1698593059
58,blackmans bay,-43.0167,147.3167,10.85,66,100,3.16,AU,1698593059
59,pisco,-13.7,-76.2167,24.03,64,0,4.12,PE,1698593059
60,lethem,3.3803,-59.7968,34.34,44,100,5.64,GY,1698593059
61,saipan,15.1355,145.701,28.39,89,40,3.09,MP,1698593060
62,georgetown,5.4112,100.3354,27.75,94,40,2.06,MY,1698592802
63,bakchar,57.0186,82.0711,-6.27,95,75,1.88,RU,1698593060
64,bilibino,68.0546,166.4372,-22.89,96,27,2.03,RU,1698593060
65,panguipulli,-39.6333,-72.3333,4.3,100,100,3.13,CL,1698593061
66,alesund,62.4723,6.1549,5.74,58,0,7.72,NO,1698592814
67,adamstown,-25.066,-130.1015,22.3,84,100,7.33,PN,1698593061
68,al minya,28.1099,30.7503,30.71,34,0,4.56,EG,1698593062
69,sisimiut,66.9395,-53.6735,-4.3,68,100,3.9,GL,1698593062
70,korla,41.7597,86.1469,12.95,37,31,2.12,CN,1698593062
71,lebu,-37.6167,-73.65,9.68,82,100,9.2,CL,1698593062
72,howrah,22.5892,88.3103,26.0,73,40,2.57,IN,1698593063
73,aldama,22.9167,-98.0667,27.43,84,55,2.59,MX,1698593063
74,arar,30.9753,41.0381,28.01,18,75,5.14,SA,1698593063
75,ribeira grande,38.5167,-28.7,18.76,63,40,3.6,PT,1698593063
76,qaqortoq,60.7167,-46.0333,2.72,65,100,3.26,GL,1698593064
77,margaret river,-33.95,115.0667,10.7,75,4,5.51,AU,1698593064
78,simanggang,1.2472,111.4528,25.01,94,100,0.0,MY,1698593064
79,susuman,62.7833,148.1667,-17.79,99,89,0.45,RU,1698593064
80,tiksi,71.6872,128.8694,-12.48,94,100,2.22,RU,1698593065
81,manta,-0.95,-80.7333,27.88,65,75,2.57,EC,1698593065
82,papatowai,-46.5619,169.4708,6.56,91,100,2.38,NZ,1698593065
83,puerto natales,-51.7236,-72.4875,6.25,45,40,8.23,CL,1698593065
84,at taj,24.2049,23.2857,30.14,19,0,3.6,LY,1698593066
85,san julian,21.0167,-102.1667,18.03,59,13,1.92,MX,1698593066
86,albany,42.6001,-73.9662,7.35,92,100,2.43,US,1698593066
87,port elizabeth,-33.918,25.5701,16.16,62,75,4.63,ZA,1698593066
88,kodiak,57.79,-152.4072,8.73,93,100,10.29,US,1698593067
89,jieshi,22.8134,115.8257,23.6,80,95,6.07,CN,1698593067
90,ust-nera,64.5667,143.2,-18.1,97,59,1.03,RU,1698593067
91,sabzevar,36.2126,57.6819,20.6,30,0,5.14,IR,1698593067
92,stanley,54.868,-1.6985,9.33,95,75,2.06,GB,1698593067
93,college,64.8569,-147.8028,-5.86,86,75,0.0,US,1698593068
94,bredasdorp,-34.5322,20.0403,15.67,53,3,10.12,ZA,1698593068
95,yuzhno-kurilsk,44.0306,145.8556,7.99,76,6,2.02,RU,1698593068
96,edinburgh of the seven seas,-37.0676,-12.3116,11.22,65,22,10.26,SH,1698593068
97,markovo,57.3206,107.0881,-6.01,70,100,2.36,RU,1698593069
98,camana,-16.6228,-72.7111,22.06,74,33,5.27,PE,1698593069
99,eydhafushi,5.1033,73.0708,27.95,74,99,3.98,MV,1698593069
100,arkadelphia,34.1209,-93.0538,18.92,100,100,3.09,US,1698593069
101,ola,59.5833,151.2833,-1.19,69,87,2.52,RU,1698593070
102,kununurra,-15.7667,128.7333,23.99,73,45,1.03,AU,1698593070
103,kaya,13.0917,-1.0844,37.46,13,5,2.88,BF,1698593070
104,flying fish cove,-10.4217,105.6791,25.82,83,75,4.63,CX,1698593070
105,enewetak,11.3474,162.3373,28.85,76,24,7.56,MH,1698593071
106,el granada,37.5027,-122.4694,15.19,34,0,3.6,US,1698592983
107,salekhard,66.53,66.6019,-13.03,99,90,0.99,RU,1698593071
108,keflavik,64.0049,-22.5624,6.95,65,0,1.03,IS,1698593071
109,bredy,52.4153,60.3411,5.43,99,100,6.67,RU,1698593072
110,udachny,66.4167,112.4,-15.86,84,100,4.23,RU,1698593072
111,nova sintra,14.8667,-24.7167,23.17,67,97,5.03,CV,1698593072
112,kokhma,56.9349,41.0915,-2.17,84,100,3.13,RU,1698593072
113,trinity beach,-16.7888,145.6968,23.94,78,75,2.57,AU,1698593073
114,port mathurin,-19.6833,63.4167,25.05,73,40,4.63,MU,1698593073
115,miles city,46.4083,-105.8406,-3.46,74,100,7.2,US,1698593073
116,hamilton,39.1834,-84.5333,15.49,95,100,3.6,US,1698593073
117,cill airne,52.05,-9.5167,10.03,93,20,0.51,IE,1698593074
118,kapa'a,22.0752,-159.319,22.18,84,20,3.6,US,1698593074
119,sakaiminato,35.55,133.2333,13.99,88,75,2.57,JP,1698593074
120,semera,11.501,41.201,31.03,37,69,8.17,ET,1698593074
121,kerikeri,-35.2268,173.9474,14.95,95,100,2.24,NZ,1698593075
122,yellowknife,62.456,-114.3525,-6.71,86,75,1.54,CA,1698593075
123,ilam,26.9167,87.9167,16.24,85,29,2.24,NP,1698593075
124,general mosconi,-23.1851,-62.303,35.68,38,2,2.8,AR,1698593075
125,saldanha,-33.0117,17.9442,28.03,40,0,6.74,ZA,1698593076
126,benghazi,32.1167,20.0667,24.53,62,4,6.1,LY,1698593076
127,argo,37.6333,22.7333,23.21,55,15,1.07,GR,1698592791
128,ampara,7.2833,81.6667,25.54,84,91,2.03,LK,1698593077
129,novodvinsk,64.4165,40.8122,-4.56,81,98,0.89,RU,1698593078
130,betio village,1.358,172.9211,27.02,71,99,3.47,KI,1698593078
131,howard springs,-12.497,131.047,28.95,82,21,1.02,AU,1698593078
132,chonchi,-42.6128,-73.8092,10.07,57,65,4.68,CL,1698593079
133,hermanus,-34.4187,19.2345,17.04,55,0,12.07,ZA,1698593079
134,touros,-5.1989,-35.4608,30.17,53,63,8.59,BR,1698593079
135,jiuquan,39.7432,98.5174,12.02,26,0,1.7,CN,1698593079
136,plastun,44.7561,136.2939,3.28,59,1,1.78,RU,1698593079
137,mejit,10.2753,170.8646,28.27,80,93,8.56,MH,1698593080
138,acapulco de juarez,16.8634,-99.8901,27.44,77,83,1.17,MX,1698593080
139,ngorongoro,-3.2397,35.4875,19.92,39,78,4.23,TZ,1698593080
140,seydi,39.4816,62.9137,23.67,32,72,2.89,TM,1698593080
141,colac,-38.3333,143.5833,10.09,85,100,2.66,AU,1698593081
142,pala,9.3642,14.9046,33.51,34,90,2.16,TD,1698593081
143,kalkaman,51.9525,76.0211,0.57,87,100,2.75,KZ,1698593081
144,colonia,50.9333,6.95,16.74,68,20,7.72,DE,1698592945
145,porto novo,6.4965,2.6036,30.9,69,99,1.49,BJ,1698593082
146,lihue,21.9789,-159.3672,21.77,94,20,3.6,US,1698593082
147,dunhua,43.3725,128.2425,5.66,61,36,2.44,CN,1698593082
148,st. john's,47.5649,-52.7093,9.82,73,75,10.8,CA,1698592892
149,tanabe,33.7333,135.3667,12.34,80,0,4.38,JP,1698593082
150,beyla,8.6833,-8.6333,28.72,49,2,2.41,GN,1698593083
151,sittwe,20.15,92.9,26.42,75,31,2.37,MM,1698593083
152,bonthe,7.5264,-12.505,29.61,67,76,3.43,SL,1698593083
153,sao joao dos patos,-6.495,-43.7022,37.35,19,5,3.89,BR,1698593083
154,sitka,57.0531,-135.33,5.94,75,100,2.06,US,1698593084
155,inhambane,-23.865,35.3833,21.55,83,98,8.75,MZ,1698593084
156,tazovsky,67.4667,78.7,-15.04,93,31,2.11,RU,1698593084
157,ilulissat,69.2167,-51.1,-4.99,68,75,2.06,GL,1698593084
158,saint-pierre,-21.3393,55.4781,25.82,78,100,5.14,RE,1698593085
159,dolisie,-4.1997,12.6739,29.28,69,100,0.94,CG,1698593085
160,klyuchi,52.2667,79.1667,-1.17,95,96,3.67,RU,1698593085
161,massawa,15.6097,39.45,29.85,70,85,7.4,ER,1698593085
162,port saint john's,-31.6229,29.5448,15.97,61,85,6.55,ZA,1698593085
163,vilhena,-12.7406,-60.1458,34.94,33,99,2.79,BR,1698592813
164,vadso,70.0744,29.7487,-2.91,74,75,3.6,NO,1698593086
165,nemuro,43.3236,145.575,10.22,74,55,4.4,JP,1698593086
166,carnarvon,-24.8667,113.6333,20.12,69,0,11.14,AU,1698592876
167,tippi,7.2,35.45,20.16,96,94,0.34,ET,1698593087
168,tura,25.5198,90.2201,19.94,92,7,1.54,IN,1698593087
169,buala,-8.145,159.5921,26.22,84,98,1.06,SB,1698593087
170,port-vila,-17.7338,168.3219,23.06,82,70,2.74,VU,1698593087
171,coxen hole,16.3244,-86.5366,25.6,94,75,1.03,HN,1698593088
172,christchurch,-43.5333,172.6333,12.17,79,75,6.69,NZ,1698593085
173,west island,-12.1568,96.8225,25.99,83,40,8.23,CC,1698593088
174,shahba,32.8551,36.629,21.26,37,100,8.86,SY,1698593088
175,morehead city,34.7229,-76.726,26.11,75,0,1.79,US,1698593089
176,fernie,49.5,-115.0687,-10.95,78,36,0.77,CA,1698593089
177,zaozersk,69.4005,32.4476,-9.08,95,100,1.24,RU,1698592860
178,labasa,-16.4167,179.3833,23.51,93,24,2.05,FJ,1698593089
179,petropavlovsk-kamchatsky,53.0452,158.6483,3.03,59,0,4.0,RU,1698593090
180,geraldton,-28.7667,114.6,18.23,77,36,5.66,AU,1698593090
181,flin flon,54.7682,-101.865,-5.09,74,100,3.6,CA,1698593090
182,hafnarfjordur,64.0671,-21.9377,6.93,53,0,1.03,IS,1698593090
183,sola,-13.8833,167.55,25.95,80,14,4.71,VU,1698593091
184,basoko,1.2391,23.616,28.58,65,81,0.94,CD,1698593091
185,kyzyl-suu,42.3414,78.0056,10.31,52,85,2.81,KG,1698593091
186,la'ie,21.6477,-157.9253,23.57,79,6,3.32,US,1698593091
187,iskateley,67.6803,53.1512,-8.88,86,100,5.81,RU,1698593091
188,turpan,42.9333,89.1667,15.46,38,80,0.75,CN,1698593092
189,racine,42.7495,-88.0751,5.73,81,100,4.63,US,1698592800
190,bengkulu,-3.8004,102.2655,23.6,91,28,2.31,ID,1698593092
191,jamaame,0.0697,42.745,27.22,73,22,4.62,SO,1698593092
192,sao vicente,-23.9631,-46.3919,33.1,59,100,4.47,BR,1698592966
193,shingu,33.7333,135.9833,11.19,80,0,2.89,JP,1698593093
194,vadstena,58.4486,14.8897,4.96,80,100,8.16,SE,1698592825
195,pirai do sul,-24.5261,-49.9486,23.83,88,91,3.99,BR,1698593093
196,bovril,-31.3431,-59.4451,29.95,49,2,4.75,AR,1698593093
197,blairgowrie,56.5916,-3.3405,10.01,53,100,3.58,GB,1698593093
198,villa canas,-34.0057,-61.6076,17.43,85,100,5.87,AR,1698593094
199,marsabit,2.3284,37.9899,18.06,86,100,1.46,KE,1698593094
200,rouissat,31.9243,5.3502,35.04,10,40,7.2,DZ,1698593094
201,hasaki,35.7333,140.8333,13.22,61,18,8.97,JP,1698593094
202,phan rang-thap cham,11.5667,108.9833,25.3,91,82,1.98,VN,1698593095
203,pedernales,18.0384,-71.744,29.24,67,55,1.36,DO,1698593095
204,akureyri,65.6835,-18.0878,0.96,80,0,0.51,IS,1698593095
205,ilebo,-4.3167,20.5833,31.45,55,75,1.43,CD,1698593095
206,fomboni,-12.28,43.7425,26.86,81,12,6.83,KM,1698593096
207,bac lieu,9.285,105.7244,27.01,84,100,3.89,VN,1698593096
208,kone,-21.0595,164.8658,18.76,75,33,1.88,NC,1698593096
209,luohe,33.5717,114.0353,19.24,54,0,3.22,CN,1698593096
210,kholmsk,47.0511,142.0569,1.94,76,13,1.44,RU,1698593097
211,sinabang,2.4803,96.3801,25.85,84,100,1.7,ID,1698593097
212,tahe,52.3333,124.7333,0.27,76,100,1.51,CN,1698593097
213,verkhnevilyuysk,63.4453,120.3167,-10.86,89,51,2.85,RU,1698593097
214,mykolaiv,49.5237,23.9852,14.17,73,35,2.95,UA,1698593097
215,jamestown,42.097,-79.2353,7.51,98,100,3.6,US,1698593057
216,esmeraldas,-19.7625,-44.3139,32.63,45,92,3.48,BR,1698593098
217,trincomalee,8.5711,81.2335,28.01,73,100,3.52,LK,1698593098
218,kailua-kona,19.6406,-155.9956,24.17,79,20,1.79,US,1698593098
219,bridgewater,44.3835,-64.5155,10.79,62,100,5.14,CA,1698593099
220,talnakh,69.4865,88.3972,-20.78,96,64,1.11,RU,1698593099
221,antsiranana,-12.2787,49.2917,27.42,69,20,6.17,MG,1698593099
222,shalqar,47.8333,59.6,15.41,67,97,7.93,KZ,1698593099
223,barentu,15.1139,37.5928,26.77,50,39,2.06,ER,1698593100
224,lagos,6.5833,3.75,33.18,60,64,1.39,NG,1698592969
225,egilsstadir,65.2653,-14.3948,0.95,100,75,1.03,IS,1698593100
226,itoman,26.1247,127.6694,23.01,60,1,3.6,JP,1698593100
227,kuala belait,4.5833,114.1833,26.09,85,79,1.43,BN,1698593101
228,copala,16.65,-98.9833,27.42,74,58,1.04,MX,1698593101
229,kruisfontein,-34.0033,24.7314,14.57,47,5,6.79,ZA,1698593101
230,trujillo,-8.116,-79.03,20.98,78,83,5.14,PE,1698593101
231,remire-montjoly,4.9167,-52.2667,33.02,55,20,4.63,GF,1698592904
232,andergrove,-21.0833,149.1833,15.91,65,23,2.52,AU,1698593102
233,waddan,29.1614,16.139,30.53,16,5,2.97,LY,1698593102
234,cidade velha,14.9167,-23.6167,29.26,58,75,6.17,CV,1698593103
235,yeraliyev,43.2,51.65,19.66,48,90,5.4,KZ,1698593103
236,minas de marcona,-15.2119,-75.1103,19.67,64,89,6.17,PE,1698593104
237,kavieng,-2.5744,150.7967,27.09,81,24,4.78,PG,1698593104
238,sao raimundo nonato,-9.0153,-42.6994,36.11,22,51,4.83,BR,1698593104
239,ayorou,14.7308,0.9174,38.7,10,83,2.55,NE,1698593105
240,gerash,27.6652,54.1371,26.08,35,89,2.58,IR,1698593105
241,palmer,42.1584,-72.3287,9.36,81,100,4.63,US,1698593105
242,coquimbo,-29.9533,-71.3436,18.85,55,0,4.12,CL,1698593105
243,faya-largeau,17.9257,19.1043,36.94,8,0,4.12,TD,1698593106
244,kudahuvadhoo,2.6708,72.8944,28.16,77,97,7.5,MV,1698593106
245,vila franca do campo,37.7167,-25.4333,18.27,99,56,6.4,PT,1698593106
246,callao,-12.0667,-77.15,22.16,73,20,7.72,PE,1698593106
247,ancud,-41.8697,-73.8203,8.14,52,96,8.32,CL,1698593107
248,hithadhoo,-0.6,73.0833,27.09,79,100,7.68,MV,1698593107
249,tosontsengel,48.7567,98.2839,-2.03,32,100,1.57,MN,1698592877
250,constantia,44.1833,28.65,20.39,57,0,3.4,RO,1698593107
251,rikaze,29.25,88.8833,7.41,40,100,3.15,CN,1698593108
252,hammerfest,70.6634,23.6821,-3.75,80,20,1.54,NO,1698593108
253,porto belo,-27.1578,-48.5531,30.65,86,82,2.72,BR,1698593108
254,fada,9.5667,8.3,32.69,28,44,2.73,NG,1698593109
255,puerto baquerizo moreno,-0.9,-89.6,26.55,74,40,6.69,EC,1698592947
256,fort st. john,56.2499,-120.8529,-9.06,92,75,2.57,CA,1698593109
257,kuching,1.55,110.3333,26.1,97,40,0.0,MY,1698593109
258,belmonte,-15.8631,-38.8828,28.45,56,86,4.92,BR,1698593110
259,san pedro pochutla,15.7333,-96.4667,28.84,62,24,1.29,MX,1698593110
260,saudarkrokur,65.7461,-19.6394,0.51,76,17,2.12,IS,1698593110
261,iquique,-20.2208,-70.1431,22.02,68,47,4.14,CL,1698593111
262,bannu,32.9854,70.6027,26.31,32,56,0.74,PK,1698593111
263,chunian,30.964,73.9803,25.98,28,2,2.52,PK,1698593111
264,holualoa,19.6228,-155.9522,22.1,81,20,1.79,US,1698593111
265,divnogorsk,55.9594,92.3619,-10.7,92,11,0.93,RU,1698593112
266,goyerkata,26.6998,89.0257,21.44,72,1,1.54,IN,1698593112
267,panaba,21.2833,-88.2667,29.91,53,0,3.05,MX,1698593112
268,cooma,-36.2333,149.1333,9.9,42,90,2.48,AU,1698593112
269,sao paulo de olivenca,-3.3783,-68.8725,32.95,55,100,1.22,BR,1698593113
270,mount isa,-20.7333,139.5,22.87,46,90,1.03,AU,1698593113
271,badger,64.8,-147.5333,-5.91,88,100,0.0,US,1698593113
272,champerico,14.3,-91.9167,29.3,79,97,0.77,GT,1698593113
273,mili,6.0815,171.735,28.58,77,100,6.44,MH,1698593114
274,el calafate,-50.3408,-72.2768,4.1,46,44,4.02,AR,1698593114
275,uray,60.1247,64.7758,-6.18,69,96,2.68,RU,1698593114
276,naranjal,-2.6667,-79.6167,24.92,89,100,0.75,EC,1698593114
277,yamada,39.4667,141.95,13.08,83,100,5.23,JP,1698593114
278,ta`u,-14.2336,-169.5144,26.97,79,62,5.58,AS,1698593115
279,puerto armuelles,8.2833,-82.8667,26.99,87,75,3.13,PA,1698593115
280,chinde,26.8418,88.0763,14.53,80,26,2.15,NP,1698593115
281,ust'-ilimsk,58.0006,102.6619,-3.64,56,98,5.36,RU,1698593116
282,ca mau,9.1769,105.15,25.32,93,100,2.03,VN,1698593116
283,ballina,-28.8667,153.5667,13.21,79,44,2.31,AU,1698593116
284,nar'yan-mar,67.6713,53.087,-8.83,86,100,5.81,RU,1698593117
285,ericeira,38.9627,-9.4156,21.3,83,100,2.8,PT,1698593117
286,pocora,10.1718,-83.6044,30.91,81,99,1.1,CR,1698593117
287,campo gallo,-26.5833,-62.85,36.85,34,0,2.9,AR,1698593117
288,alice springs,-23.7,133.8833,21.75,11,82,3.09,AU,1698593118
289,happy valley-goose bay,53.3168,-60.3315,2.17,48,75,18.52,CA,1698593118
290,rongelap,11.1635,166.8941,28.36,72,91,9.32,MH,1698592877
291,yemva,62.59,50.8594,-3.87,93,100,3.66,RU,1698593118
292,san pedro,14.35,121.0167,27.95,82,20,3.58,PH,1698593119
293,sukumo,32.9333,132.7333,11.89,71,0,1.68,JP,1698593119
294,midvagur,62.0511,-7.1939,6.46,65,83,3.09,FO,1698593119
295,sandnessjoen,66.0217,12.6316,-0.71,86,20,1.03,NO,1698593119
296,buka,40.8108,69.1986,22.62,30,100,2.13,UZ,1698592871
297,praya,14.9215,-23.5087,29.3,58,75,6.17,CV,1698593120
298,xilin hot,43.9667,116.0333,1.69,43,35,3.19,CN,1698593121
299,icano,-28.9193,-65.3282,35.34,24,0,3.86,AR,1698593121
300,inarajan village,13.2736,144.7484,28.54,92,99,4.07,GU,1698593121
301,fallon,39.4735,-118.7774,-6.07,63,0,0.0,US,1698592914
302,cortez,37.3489,-108.5859,4.4,80,40,0.0,US,1698593122
303,mar del plata,-38.0023,-57.5575,16.2,69,100,3.53,AR,1698593122
304,san juan,-31.5375,-68.5364,31.35,7,0,1.36,AR,1698592986
305,egra,50.0796,12.3739,15.09,82,73,3.41,CZ,1698593123
306,nuuk,64.1835,-51.7216,-0.66,74,100,1.54,GL,1698593123
307,uturoa,-16.7333,-151.4333,26.26,78,13,7.16,PF,1698592861
308,pansoy,13.1825,122.5989,26.22,80,80,6.0,PH,1698592997
309,utrik,11.2278,169.8474,28.1,73,95,9.15,MH,1698593124
310,magadan,59.5667,150.8,-2.29,75,93,2.1,RU,1698592860
311,madera,37.1666,-119.8343,12.26,57,0,1.54,US,1698593125
312,klaksvik,62.2266,-6.589,6.51,68,75,11.36,FO,1698593125
313,maitum,6.0392,124.4986,25.26,86,30,2.01,PH,1698593125
314,acarau,-2.8856,-40.12,32.18,49,6,9.22,BR,1698593126
315,umarkot,25.3616,69.7362,31.32,23,0,2.35,PK,1698593126
316,berck-plage,50.407,1.5645,15.1,82,75,6.69,FR,1698593126
317,wuwei,37.9281,102.6414,12.04,26,50,2.41,CN,1698593126
318,longyearbyen,78.2186,15.6401,-3.09,86,75,3.6,SJ,1698592877
319,east london,-33.0153,27.9116,15.52,67,75,5.12,ZA,1698593127
320,sesvete,45.8311,16.1164,19.89,63,0,5.14,HR,1698593127
321,nueva villa de padilla,24.0167,-98.7833,26.61,61,4,5.07,MX,1698593127
322,selfoss,63.9331,-20.9971,1.69,62,16,3.02,IS,1698593127
323,labrador city,52.9463,-66.9114,-2.05,69,75,7.2,CA,1698593128
324,espiye,40.9479,38.7115,19.12,80,23,1.63,TR,1698593128
325,kerouane,9.2667,-9.0167,30.65,42,3,2.14,GN,1698593128
326,walvis bay,-22.9575,14.5053,17.51,69,31,3.13,NA,1698593129
327,coahuayana de hidalgo,18.7,-103.6583,27.63,79,34,1.28,MX,1698593129
328,mangai,-4.05,19.5333,31.42,50,75,0.93,CD,1698593129
329,moree,-29.4667,149.85,18.41,33,3,3.43,AU,1698593129
330,bontang,0.1333,117.5,27.63,72,45,1.06,ID,1698593130
331,omaruru,-21.4333,15.9333,35.37,3,0,5.91,NA,1698593130
332,paciran,-6.8767,112.3761,28.21,74,27,4.11,ID,1698593130
333,peace river,56.2501,-117.286,-8.52,99,20,0.0,CA,1698592997
334,namtsy,62.7161,129.6658,-10.34,91,100,3.18,RU,1698593131
335,lidzbark,53.2628,19.8266,10.55,84,100,3.81,PL,1698593131
336,aykhal,66.0,111.5,-18.73,93,100,5.62,RU,1698593131
337,deqing,30.5448,119.9599,18.86,89,14,0.56,CN,1698593131
338,buncrana,55.1333,-7.45,13.87,82,97,5.69,IE,1698593095
339,williams lake,52.1415,-122.1445,-6.24,73,20,2.57,CA,1698593132
340,carutapera,-1.195,-46.02,30.18,61,99,5.36,BR,1698593132
341,rapar,23.5667,70.6333,29.71,33,86,2.41,IN,1698593132
342,newman,37.3138,-121.0208,7.92,54,0,2.24,US,1698593133
343,queenstown,-31.8976,26.8753,9.84,45,5,8.79,ZA,1698593133
344,kolondieba,11.0882,-6.8926,35.81,24,3,2.9,ML,1698592877
345,aldan,58.6031,125.3894,-8.4,97,100,1.47,RU,1698593134
346,sapele,5.8941,5.6767,32.02,60,97,1.23,NG,1698593134
347,kristiansund,63.1115,7.732,5.03,70,0,4.12,NO,1698593134
348,cerqueira cesar,-23.0356,-49.1661,29.75,55,87,7.2,BR,1698593134
349,al kharijah,25.4514,30.5464,31.73,23,0,4.27,EG,1698593135
350,new norfolk,-42.7826,147.0587,11.51,74,100,1.88,AU,1698593135
351,tangalle,6.024,80.7911,25.09,82,48,0.86,LK,1698593135
352,san patricio,28.017,-97.5169,29.92,68,1,4.9,US,1698593135
353,byron bay,-28.65,153.6167,13.17,78,37,1.76,AU,1698593136
354,dubove,48.1721,23.8895,11.7,89,53,2.02,UA,1698593136
355,acatic,20.7833,-102.8833,19.93,67,15,0.4,MX,1698593136
356,tokmok,42.8417,75.3016,18.44,38,100,0.33,KG,1698593136
357,dapa,9.7594,126.0531,27.52,78,93,1.96,PH,1698592996
358,montmagny,48.9734,2.3469,16.62,65,40,7.72,FR,1698593137
359,den burg,53.0542,4.7972,13.31,81,75,7.2,NL,1698593137
360,nema,57.5067,50.5011,-1.42,96,100,4.55,RU,1698593137
361,kolonia,50.9333,6.95,16.74,68,20,7.72,DE,1698592945
362,tofol,5.3248,163.0078,26.57,83,100,1.49,FM,1698593138
363,nagqu,31.5,92.0,-3.2,65,100,1.97,CN,1698593138
364,sambava,-14.2667,50.1667,25.85,78,3,4.45,MG,1698593138
365,luderitz,-26.6481,15.1594,25.55,33,6,11.29,NA,1698593139
366,manismata,-2.4667,111.0333,24.68,89,38,0.56,ID,1698593139
367,an nuhud,12.7,28.4333,34.25,13,100,3.82,SD,1698593139
368,guymon,36.6828,-101.4816,-1.0,74,100,7.2,US,1698592911
369,zuni pueblo,35.0725,-108.8506,4.35,64,3,2.66,US,1698593139
370,swakopmund,-22.6833,14.5333,15.81,80,55,3.1,NA,1698593140
371,san antonio de pale,-1.4014,5.6325,26.37,81,37,2.85,GQ,1698593140
372,villa gesell,-37.2639,-56.973,14.82,95,100,4.54,AR,1698593140
373,katsuura,35.1333,140.3,16.3,63,39,5.59,JP,1698593140
374,kumbhraj,24.3667,77.05,23.71,39,5,2.51,IN,1698593141
375,bikenibeu village,1.3673,173.1241,26.98,89,20,0.51,KI,1698593141
376,basco,20.4487,121.9702,27.41,69,94,8.77,PH,1698593141
377,gorom-gorom,14.4439,-0.2361,38.08,12,32,2.47,BF,1698593141
378,zadar,44.1197,15.2422,21.34,78,20,4.63,HR,1698593142
379,dadukou,26.5479,101.7054,16.83,76,1,0.73,CN,1698593142
380,antofagasta,-23.65,-70.4,18.6,66,7,4.13,CL,1698593142
381,rio san juan,19.6439,-70.0763,29.32,68,30,0.18,DO,1698593142
382,bintulu,3.1667,113.0333,26.23,94,20,0.0,MY,1698593143
383,micheweni,-4.9667,39.8333,27.28,77,43,4.19,TZ,1698593143
384,bamboo flat,11.7,92.7167,26.05,94,40,1.03,IN,1698593143
385,parauapebas,-6.0675,-49.9022,30.99,74,40,2.06,BR,1698593144
386,verkhovazh'ye,60.7472,42.0465,-3.25,98,100,1.02,RU,1698593144
387,whangarei,-35.7317,174.3239,15.57,99,100,7.1,NZ,1698593144
388,srivardhan,18.0333,73.0167,26.37,61,2,2.4,IN,1698593144
389,de aar,-30.6497,24.0123,15.95,17,0,13.05,ZA,1698593145
390,tumayr,25.7039,45.868,26.86,29,58,3.76,SA,1698593145
391,nassjo,57.6531,14.6968,0.51,98,100,5.46,SE,1698593145
392,oettingen in bayern,48.95,10.6,15.25,71,94,3.62,DE,1698593145
393,simplicio mendes,-7.8539,-41.9103,37.49,20,37,4.64,BR,1698593146
394,dolinsk,47.35,142.8,2.07,77,13,2.11,RU,1698593146
395,puerto aysen,-45.4,-72.7,4.33,91,99,2.14,CL,1698593146
396,cornelius,35.4868,-80.8601,24.66,68,0,4.63,US,1698593147
397,pitiquito,30.7,-112.0833,20.78,54,0,0.12,MX,1698593147
398,tarawa,1.419,172.984,27.05,89,20,0.51,KI,1698593147
399,praia da vitoria,38.7333,-27.0667,18.2,82,75,7.96,PT,1698593148
400,mossel bay,-34.1831,22.146,14.96,56,2,11.04,ZA,1698593148
401,argostolion,38.1811,20.489,24.86,58,20,4.12,GR,1698593148
402,seme,15.1942,-12.9448,37.78,25,49,2.86,SN,1698593148
403,bumba,2.1833,22.4667,28.23,66,73,0.89,CD,1698593149
404,mer,47.7056,1.5062,15.65,78,73,1.79,FR,1698593149
405,juneau,58.3019,-134.4197,2.28,95,100,0.0,US,1698593149
406,besisahar,28.2313,84.3761,18.75,72,42,2.69,NP,1698593149
407,conde,-7.2597,-34.9075,28.7,65,75,7.72,BR,1698593149
408,vico del gargano,41.8983,15.9576,20.7,59,0,2.51,IT,1698593150
409,kotlas,61.2611,46.6556,-2.19,85,98,2.68,RU,1698593150
410,igarka,67.4667,86.5833,-16.01,96,59,1.75,RU,1698593150
411,saint-philippe,-21.3585,55.7679,25.77,88,43,5.1,RE,1698593150
412,murghob,38.1702,73.9667,1.07,50,24,1.43,TJ,1698593151
413,weno,7.4515,151.8468,27.97,83,100,4.63,FM,1698593151
414,raduzhny,62.0961,77.475,-11.29,96,47,1.26,RU,1698593151
415,agat village,13.3886,144.6585,28.52,89,40,2.06,GU,1698593151
416,haiku-pauwela,20.9219,-156.3051,24.47,77,0,3.6,US,1698593151
417,cidreira,-30.1811,-50.2056,26.23,65,14,3.73,BR,1698593152
418,traralgon,-38.1833,146.5333,11.52,79,100,2.87,AU,1698593038
419,irece,-11.3042,-41.8558,34.08,14,26,5.85,BR,1698593152
420,kenai,60.5544,-151.2583,4.05,81,100,5.66,US,1698592867
421,ilhabela,-23.7781,-45.3581,27.65,76,100,0.95,BR,1698593152
422,inirida,3.8653,-67.9239,33.69,53,100,1.23,CO,1698593153
423,ungsang-nodongjagu,42.3578,130.4622,8.0,80,9,1.9,KP,1698593153
424,leh,34.1667,77.5833,4.49,30,58,2.1,IN,1698593153
425,nabire,-3.3667,135.4833,23.9,95,88,1.72,ID,1698593153
426,mercedes,-34.6515,-59.4307,22.8,90,100,3.91,AR,1698593154
427,ngaoundere,7.3167,13.5833,26.06,56,68,2.48,CM,1698592888
428,hualien city,23.9769,121.6044,22.6,90,96,2.65,TW,1698593154
429,mengellang,7.6957,134.6305,24.95,74,96,1.2,PW,1698593154
430,big spring,32.2504,-101.4787,1.25,100,100,10.29,US,1698593155
431,lithgow,-33.4833,150.15,9.72,46,2,1.76,AU,1698593155
432,alofi,-19.0595,-169.9187,23.94,88,100,5.14,NU,1698593155
433,north bend,43.4065,-124.2243,8.95,46,0,6.69,US,1698593155
434,kismayo,-0.3582,42.5454,27.21,76,43,4.89,SO,1698593155
435,olavarria,-36.8927,-60.3225,18.82,42,100,4.24,AR,1698593156
436,kavaratti,10.5669,72.642,28.77,67,87,0.77,IN,1698593156
437,holdenville,35.0804,-96.3992,3.28,90,100,7.67,US,1698593156
438,marka,1.7159,44.7717,26.76,79,49,4.15,SO,1698593126
439,juan griego,11.0817,-63.9655,30.93,63,46,5.52,VE,1698593157
440,kapit,2.0167,112.9333,23.57,99,100,0.38,MY,1698593157
441,baki,-7.6128,110.7839,26.73,72,79,3.37,ID,1698592961
442,khorixas,-20.3667,14.9667,35.91,4,0,7.53,NA,1698592883
443,moncao,42.0789,-8.4808,15.84,91,100,1.56,PT,1698593157
444,nizhneudinsk,54.9076,99.0276,-6.93,50,3,1.32,RU,1698593158
445,neuves-maisons,48.6203,6.107,13.48,88,75,9.26,FR,1698593158
446,martapura,-3.4167,114.85,28.05,100,49,0.51,ID,1698593076
447,kunshan,31.3776,120.9543,19.94,67,1,2.77,CN,1698593158
448,port lincoln,-34.7333,135.8667,13.51,77,100,5.08,AU,1698593158
449,jinghong,21.991,100.7341,20.42,99,61,1.01,CN,1698593159
450,tongouson,5.0214,120.1328,28.52,64,8,0.68,PH,1698593159
451,crane,31.3974,-102.3501,9.37,91,99,10.89,US,1698593159
452,sokoni,-6.4333,39.55,27.05,80,56,6.14,TZ,1698593159
453,namibe,-15.1961,12.1522,23.76,68,62,4.19,AO,1698593159
454,prince george,53.9166,-122.753,-13.31,78,0,0.0,CA,1698593086
455,conceicao das alagoas,-19.9147,-48.3883,36.49,30,79,4.22,BR,1698593160
456,natal,-5.795,-35.2094,31.36,55,40,8.23,BR,1698592996
457,plettenberg bay,-34.0527,23.3716,15.42,52,15,7.76,ZA,1698593160
458,yeniseysk,58.4497,92.1703,-6.14,82,74,2.68,RU,1698593160
459,grantsville,40.5999,-112.4644,0.91,57,2,3.13,US,1698593161
460,chui,-33.6971,-53.4616,27.12,54,0,2.81,UY,1698593161
461,puerto deseado,-47.7503,-65.8938,9.13,41,29,10.26,AR,1698593161
462,staryya darohi,53.0402,28.267,4.3,82,76,2.0,BY,1698593161
463,hadibu,12.65,54.0333,26.77,76,100,4.55,YE,1698593162
464,lalago,-3.45,33.95,31.05,27,54,5.54,TZ,1698593162
465,san martin hidalgo,20.4354,-103.9288,20.3,85,30,0.44,MX,1698593162
466,salair,54.2312,85.7972,-4.39,76,100,1.72,RU,1698593163
467,mariental,-24.6333,17.9667,30.45,9,0,1.78,NA,1698593163
468,abadiania,-16.2042,-48.7069,33.93,29,19,2.34,BR,1698593056
469,nadi,-17.8,177.4167,22.0,88,20,2.06,FJ,1698593163
470,letlhakeng,-24.0944,25.0298,34.37,12,5,4.87,BW,1698593163
471,cestos city,5.46,-9.5828,28.84,71,7,4.95,LR,1698593164
472,ryotsu-minato,38.0833,138.4333,15.75,81,59,4.45,JP,1698592869
473,alaghsas,17.0187,8.0168,36.94,6,0,3.6,NE,1698593164
474,kuhmo,64.1333,29.5167,-6.88,87,18,1.34,FI,1698593165
475,vyaz'ma,55.2104,34.2951,-0.86,81,100,3.88,RU,1698593074
476,qarauyl,48.9451,79.255,7.48,82,100,5.99,KZ,1698593165
477,robbah,33.2797,6.9098,29.8,14,100,1.69,DZ,1698593165
478,hami,42.8,93.45,14.92,31,100,1.98,CN,1698593165
479,gladstone,-23.85,151.25,20.96,64,40,3.6,AU,1698592981
480,picture rocks,32.3459,-111.2462,20.0,47,0,0.0,US,1698593166
481,kievka,50.2619,71.5514,5.29,97,100,3.22,KZ,1698593166
482,tecali,18.9,-97.9667,16.62,61,2,1.33,MX,1698593166
483,borba,-4.3878,-59.5939,39.85,22,33,2.59,BR,1698593167
484,tabou,4.423,-7.3528,28.31,71,18,3.09,CI,1698593167
485,simpang,-1.2667,104.0833,24.66,81,4,1.22,ID,1698593167
486,patan,27.6667,85.3333,17.21,77,20,1.54,NP,1698593168
487,bone south,16.2446,120.9958,21.69,96,36,1.59,PH,1698593168
488,portogruaro,45.7753,12.8386,17.28,86,93,0.7,IT,1698593168
489,shache,38.4167,77.2406,16.07,26,30,1.93,CN,1698593169
490,kadnikov,59.5022,40.338,-3.43,97,100,2.25,RU,1698593169
491,gumdag,39.2061,54.5906,25.86,29,2,1.9,TM,1698593169
492,richards bay,-28.783,32.0377,17.05,59,100,8.03,ZA,1698592886
493,mayahi,13.9553,7.6712,37.03,10,0,2.68,NE,1698593170
494,ozorkow,51.9634,19.2914,16.05,83,87,6.03,PL,1698593170
495,adam,22.3756,57.5233,29.44,38,70,3.19,OM,1698592927
496,san fernando,15.0286,120.6898,27.85,81,37,1.69,PH,1698593170
497,san pablo,14.0669,121.3258,27.66,92,66,1.45,PH,1698593171
498,ulricehamn,57.7916,13.4142,3.56,95,100,6.16,SE,1698593171
499,canoinhas,-26.1772,-50.39,25.7,78,52,3.19,BR,1698593172
500,barclayville,4.6797,-8.2339,28.72,70,65,3.49,LR,1698593172
501,podporozh'ye,60.9112,34.1706,-5.05,93,75,1.32,RU,1698593172
502,lucapa,-8.4192,20.7447,28.89,56,89,1.37,AO,1698593172
503,lompoc,34.6391,-120.4579,11.63,77,0,4.12,US,1698593173
504,berdigestyakh,62.0989,126.6992,-19.35,100,98,1.0,RU,1698593173
505,kem',64.9555,34.5793,-3.2,85,93,4.0,RU,1698593173
506,suwon,37.2911,127.0089,10.71,90,0,0.51,KR,1698593173
507,san luis de la loma,17.2706,-100.8939,27.64,77,98,1.08,MX,1698593174
508,san francisco tepeolulco,19.8337,-99.9852,15.57,67,5,0.58,MX,1698593174
509,la punta,-33.1837,-66.3127,27.43,12,0,9.8,AR,1698593174
510,iwanai,42.9744,140.5089,6.32,92,6,1.68,JP,1698593174
511,sao joao da barra,-21.6403,-41.0511,32.05,76,100,7.66,BR,1698593175
512,akjoujt,19.6969,-14.4164,39.59,6,0,3.37,MR,1698593175
513,sanandaj,35.3144,46.9923,19.01,21,0,2.06,IR,1698593175
514,tidjikja,18.5564,-11.4271,36.89,10,1,3.25,MR,1698593175
515,clewiston,26.7542,-80.9337,25.36,71,99,5.46,US,1698593176
516,gizo,-8.103,156.8419,27.35,81,100,2.85,SB,1698593121
517,westport,41.1415,-73.3579,14.38,88,100,6.69,US,1698593115
518,vorgashor,67.5833,63.95,-16.74,95,19,2.46,RU,1698593176
519,okhotsk,59.3833,143.3,-6.09,80,33,4.37,RU,1698593177
520,waounde,15.2637,-12.8682,38.03,25,53,3.03,SN,1698593177
521,rio grande,-32.035,-52.0986,31.06,74,2,1.09,BR,1698593177
522,porto seguro,-16.4497,-39.0647,29.29,61,40,8.23,BR,1698593177
523,tambopata,-12.7333,-69.1833,28.94,70,75,3.09,PE,1698593178
524,tobol'sk,58.2,68.2667,-4.11,70,98,3.58,RU,1698593178
525,mata-utu,-13.2816,-176.1745,27.86,79,50,2.67,WF,1698593178
526,mahina,-17.5065,-149.489,23.87,83,20,0.51,PF,1698592882
527,masvingo,-20.0637,30.8277,24.03,64,75,10.29,ZW,1698593019
528,yambio,4.5721,28.3955,24.45,87,97,1.19,SS,1698593179
529,zhuangyuan,37.2975,120.8256,13.91,70,6,2.35,CN,1698593179
530,puerto plata,19.7934,-70.6884,31.95,74,20,3.09,DO,1698593179
531,hasilpur,29.7122,72.5553,29.39,22,0,2.64,PK,1698593180
532,petauke,-14.2426,31.3253,30.45,28,89,1.46,ZM,1698593180
533,tazacorte,28.629,-17.9293,24.54,74,40,1.79,ES,1698593180
534,yeonil,35.9942,129.345,11.6,81,0,1.36,KR,1698593180
535,nha trang,12.25,109.1833,28.0,90,83,2.28,VN,1698593181
536,kingston,17.997,-76.7936,31.25,64,40,1.54,JM,1698593181
537,sechura,-5.5569,-80.8222,23.01,69,100,5.34,PE,1698592917
538,elista,46.3078,44.2558,13.29,66,2,5.0,RU,1698592991
539,shira,54.4911,89.9531,-8.52,86,100,1.16,RU,1698593182
540,kande,9.9578,1.0447,32.89,42,89,1.11,TG,1698593182
541,taro,-8.3862,115.28,23.0,90,7,0.25,ID,1698593182
542,svobodnyy,51.4,128.1333,1.69,59,87,0.87,RU,1698593182
543,glace bay,46.1969,-59.957,10.18,63,75,8.75,CA,1698592889
544,tromso,69.6496,18.957,-1.99,86,0,3.09,NO,1698593183
545,bel ombre,-4.6167,55.4167,27.91,83,20,3.09,SC,1698593183
546,brokopondo,4.75,-55.1667,31.7,52,70,1.47,SR,1698593183
547,kunashak,55.7032,61.5498,-0.71,97,100,6.96,RU,1698593184
548,al hufuf,25.3646,49.5653,30.19,32,0,2.06,SA,1698593184
549,kiama,-34.6833,150.8667,16.67,77,5,4.77,AU,1698593184
550,westerland,54.9079,8.3033,13.01,82,20,9.26,DE,1698593184
551,aegina,37.7467,23.4275,26.22,66,30,2.39,GR,1698593185
552,tokar,18.4254,37.729,32.25,55,44,8.81,SD,1698593185
553,dikili,39.071,26.8902,22.9,70,95,1.87,TR,1698593185
554,ubinskoye,55.3068,79.6802,-6.08,85,6,2.82,RU,1698593185
555,olyokminsk,60.3736,120.4264,-6.7,65,8,2.36,RU,1698593186
556,tapes,-30.6733,-51.3958,25.93,69,9,1.74,BR,1698593186
557,guararapes,-21.2608,-50.6428,32.04,47,87,4.79,BR,1698593186
558,bodaybo,57.8506,114.1933,-5.84,55,100,2.36,RU,1698593186
559,tharyarwady,17.65,95.8,24.79,90,99,1.82,MM,1698593187
560,robore,-18.3333,-59.75,38.94,26,38,7.83,BO,1698593187
561,nichinan,31.6,131.3667,12.82,64,80,2.42,JP,1698593187
562,severnoye,56.3491,78.3619,-6.12,87,7,2.24,RU,1698593187
563,sultanah,24.4926,39.5857,25.25,53,20,1.03,SA,1698593188
564,korhogo,9.45,-5.6333,34.31,28,5,2.03,CI,1698593188
565,manakara,-22.1333,48.0167,25.23,82,53,6.82,MG,1698593188
566,datong,40.0936,113.2914,12.4,32,5,1.43,CN,1698593189
567,mandal,25.45,74.5667,25.84,27,6,1.82,IN,1698593189
568,menaka,15.9182,2.4022,38.46,9,34,2.29,ML,1698593189
